mrr,hits_1,hits_3,hits_10
0.3259381310590272,0.23371528210237888,0.3924523601942957,0.48424461327687135
