mrr,hits_10,hits_3,hits_1
0.22927159347377837,0.28437047756874095,0.2597684515195369,0.18813314037626627
