mrr,hits_10,hits_3,hits_1
0.20881426952060225,0.2785817655571635,0.2098408104196816,0.1736613603473227
