mrr,hits_10,hits_3,hits_1
0.2738552731172345,0.3704775687409551,0.31693198263386396,0.20043415340086831
