mrr,hits_10,hits_3,hits_1
0.0034153906664924614,0.002894356005788712,0.001447178002894356,0.000723589001447178
